<keymap version="1" name="IntelliJ copy" parent="$default">
  <action id="BuildWholeSolutionAction">
    <keyboard-shortcut first-keystroke="alt b" />
  </action>
  <action id="CloseActiveTab" />
  <action id="CloseContent">
    <keyboard-shortcut first-keystroke="ctrl w" />
  </action>
  <action id="DatabaseView.DeactivateAction" />
  <action id="Debug">
    <keyboard-shortcut first-keystroke="shift f9" />
    <keyboard-shortcut first-keystroke="alt d" />
  </action>
  <action id="Docker.RemoteServers.StopComposeService" />
  <action id="Docker.RemoteServers.StopContainer" />
  <action id="EditorSelectWord" />
  <action id="Exit">
    <keyboard-shortcut first-keystroke="alt e" />
  </action>
  <action id="FindNext">
    <keyboard-shortcut first-keystroke="f3" />
  </action>
  <action id="GotoDeclaration">
    <mouse-shortcut keystroke="control button1" />
    <keyboard-shortcut first-keystroke="alt u" />
  </action>
  <action id="GotoImplementation">
    <keyboard-shortcut first-keystroke="alt i" />
  </action>
  <action id="GotoLine">
    <keyboard-shortcut first-keystroke="ctrl l" />
  </action>
  <action id="NavigateToImmediateWindow" />
  <action id="RenameElement">
    <keyboard-shortcut first-keystroke="alt n" />
  </action>
  <action id="RiderReattach">
    <keyboard-shortcut first-keystroke="shift alt p" />
  </action>
  <action id="RiderUnitTestDebugContextAction" />
  <action id="RiderUnitTestRunContextAction">
    <keyboard-shortcut first-keystroke="alt a" />
  </action>
  <action id="RiderUnitTestRunSolutionTwAction" />
  <action id="RiderUnitTestSessionAbortAction">
    <keyboard-shortcut first-keystroke="alt s" />
  </action>
  <action id="Run">
    <keyboard-shortcut first-keystroke="alt r" />
  </action>
  <action id="RunDashboard.Stop" />
  <action id="SmartSelect" />
  <action id="Stop">
    <keyboard-shortcut first-keystroke="shift alt s" />
  </action>
  <action id="TableResult.GrowSelection" />
  <action id="TableResult.SelectColumn" />
  <action id="Terminal.ClearBuffer" />
  <action id="UsageFiltering.WriteAccess" />
  <action id="Vcs.Log.FocusTextFilter" />
  <action id="XDebugger.AttachToProcess">
    <keyboard-shortcut first-keystroke="alt p" />
  </action>
  <action id="context.save" />
  <action id="hg4idea.QPushAction" />
</keymap>