<application>
  <component name="ProjectManager">
    <defaultProject>
      <component name="Encoding" addBOMForNewFiles="with BOM under Windows, with no BOM otherwise" />
      <component name="PropertiesComponent"><![CDATA[{
  "keyToString": {
    "settings.editor.selected.configurable": "preferences.keymap"
  }
}]]></component>
      <component name="WindowStateProjectService">
        <state x="463" y="142" key="Rider.ProjectTemplateDialog.Size.ideScale=125" timestamp="1704896702393">
          <screen x="0" y="0" width="1536" height="824" />
        </state>
        <state x="463" y="142" key="Rider.ProjectTemplateDialog.Size.ideScale=125/0.0.1536.824" timestamp="1704896702393" />
        <state x="771" y="254" key="Rider.ProjectTemplateDialog.Size.ideScale=125/0.0.2560.1400/2560.0.1920.1040" timestamp="1698520806257" />
        <state x="147" y="0" key="SettingsEditor.ideScale=125" timestamp="1704982587527">
          <screen x="0" y="0" width="1536" height="824" />
        </state>
        <state x="147" y="0" key="SettingsEditor.ideScale=125/0.0.1536.824" timestamp="1704982587527" />
      </component>
    </defaultProject>
  </component>
</application>